Label,Value,Units,Description
t0,0.00,d,time zero
tf,100.00,d,time final
dt,0.01,d,time step
tw,0.1,d,time to write
r1,6.33,1/yr,intrinsic rate for sp1
r2,1.55,ind,intrinsic rate for sp2
r3,4.0,ind,intrinsic rate for sp3
a11,-0.333,1/yr,intra-sp coeff sp1 
a12,-0.666,1/yr,inter-sp coeff sp2 on sp1
a13,-1.333,1/yr,inter-sp coeff sp3 on sp1
a21,-0.055,1/yr,inter-sp coeff sp1 on sp2
a22,-0.166,1/yr,intrasp coeff sp2 
a23,-0.333,1/yr,inter-sp coeff sp3 on sp2
a31,-0.333,1/yr,inter-sp coeff sp1 on sp3
a32,-0.333,1/yr,inter-sp coeff sp2 on sp3 
a33,-1.000,1/yr,intrasp coeff sp3
h1,0,ind/yr,harvest
h2,0,ind/yr,harvest
h3,0,ind/yr,harvest
X1.0,3,ind,sp1 initial condition
X2.0,3,ind,sp2 initial condition
X3.0,3,ind,sp3 initial condition
digX,4,None,significant digits for output file
