Label,Value,Units,Description
t0,0.00,d,time zero
tf,100.00,d,time final
dt,0.01,d,time step
tw,0.1,d,time to write
r1,0.6,1/yr,intrinsic rate for sp1
r2,0.1,ind,intrinsic rate for sp2
a11,-0.2,1/yr,intra-sp coeff sp1 - inverse of carrying cap 
a12,-0.1,1/yr,inter-sp coeff sp2 on sp1
a21,0.1,1/yr,inter-sp coeff sp1 on sp2
a22,-0.1,1/yr,intrasp coeff sp2 - inverse of carrying cap 
h1,0,ind/yr,harvest
h2,0,ind/yr,harvest
X1.0,15.00,ind,sp1 initial condition
X2.0,7,ind,sp2 initial condition
digX,4,None,significant digits for output file
