Label,Value,Units,Description
t0,0.00,d,time zero
tf,100.00,d,time final
dt,0.01,d,time step
tw,0.1,d,time to write
r1,0.6,1/yr,intrinsic rate for sp resource
r2,0.1,1/yr,intrinsic rate for sp consumer
a11,0.01,1/(indxyr),intra-sp coeff for resource - inverse of carrying cap
a22,10,1/yr,intra-sp coeff for resource - scale resource as carrying cap
Kmax,150,1/yr,max-rate of consumption
Kh,6,ind,half-rate consumption
h,0,ind/yr,harvest
X1.0,15.00,ind,substrate initial condition
X2.0,0.15,ind,population initial condition
digX,4,None,significant digits for output file
