Label,Value,Units,Description
t0,0.00,yr,time zero
tf,10.00,yr,time final
dt,0.01,yr,time step
tw,0.1,yr,time to write
k21,0.8,1/yr,intra-sp coeff sp1
k31,0.2,1/yr,inter-sp coeff sp2 on sp1
k32,1.0,1/yr,inter-sp coeff sp3 on sp1
k43,0.7,1/yr,inter-sp coeff sp1 on sp2
k54,0.8,1/yr,intrasp coeff sp2 
u,-0.1,1/yr,harvest
Te,2,yr,period of harvest
X1.0,0.85,ind,sp1 initial condition
X2.0,0.10,ind,sp2 initial condition
X3.0,0.05,ind,sp3 initial condition
X4.0,0,ind,sp4 initial condition
X5.0,0,ind,sp5 initial condition
digX,4,None,significant digits for output file
