Label,Value,Units,Description
t0,11.25,hr,time zero
tf,56.75,hr,time final
dt,0.025,hr,time step
tw,0.25,hr,time to write
Df,0.01,1/hr,Diffusion coefficient air-water
T1,28,degC,Intial temperature
dT,-0.0,degC/h,rate of change of temp
k,1.27,1/m,Attenuation coeff in Beer-Lambert law
zd,0.24,m,depth of pond or of euphotic zone
Pmax,0.6,mg/L/hr,maximum photosynthesis rate
alpha,0.02,mg/(LhrW/m2),initial slope of production vs light (efficiency) 
Lat,30.50,deg,Latitude
day1,180,numb,first day
Lm,600,w/m2,avg maximum daily rad 
sdr,0,W/m2,variability rad
Rsp,0.24,mg/l/h,respiration rate (water column + benthic)
X0,8.72,mg/l,initial condition
digX,4,None,significant digits for output file
