Label,Value,Units,Description
t0,0.00,hr,time zero
tf,72.00,hr,time final
dt,0.01,hr,time step
tw,0.1,hr,time to write
Df,0.01,1/hr,Diffusion coefficient air-water
T1,15,degC,Intial temperature
dT,0,degC/h,rate of change of temp
k,1.27,1/m,Attenuation coeff in Beer-Lambert law
zd,0.24,m,depth of pond or of euphotic zone
Pmax,0.4,mg/L/hr,maximum photosynthesis rate
alpha,0.02,mg/(LhrW/m2),initial slope of production vs light (efficiency) 
Lat,32.90,deg,Latitude
day1,32,numb,first day
Lm,600,w/m2,avg maximum daily rad 
sdr,0,W/m2,variability rad
Rsp,0.2,mg/l/h,respiration rate (water column + benthic)
X0,8.72,mg/l,initial condition
digX,4,None,significant digits for output file
