Label,Value,Units,Description
t0,0.00,d,time zero
tf,100.00,d,time final
dt,0.01,d,time step
tw,0.1,d,time to write
V,27500,m3,Volume of river reach
Q,440,m3/s,flow
W,0.660,g/s,N mass discharge rate
Pmax,0.1,(mg/l)/d,maximum uptake rate
Kh,1,mg/l,half-rate 
X1.u,0,mg/l,boundary condition upstream N concentration
X2.u,10,mg/l,boundary condition upstream Algae concentration
X1.0,0.1,mg/l,initial condition
X2.0,10,mg/l,initial condition
digX,4,None,significant digits for output file
