Label,Value,Units,Description
t0,0.00,yr,time zero
tf,5.00,yr,time final
dt,0.01,yr,time step
tw,0.01,yr,time to write
k12,0.010,1/yr,Return to leaf litter from soil via tree growth
k23,0.040,1/yr,Organisms to soil
k24,0.020,1/yr,Leachate to soil
k31,0.037,1/yr,Litter to organisms
k41,0.017,1/yr,Litter to leachate 
X1.0,1.0,g/m2,comp1 initial condition
X2.0,1.0,g/m2,comp2 initial condition
X3.0,1.0,g/m2,comp3 initial condition
X4.0,1.0,g/m2,comp4 initial condition
digX,4,None,significant digits for output file
