Label,Value,Units,Description
t0,0.00,yr,time zero
tf,5.00,yr,time final
dt,0.01,yr,time step
tw,0.01,yr,time to write
k13,0.2,1/yr,Nitrification coeff comp3 to comp1
k14,0.1,1/yr,Slow Mineralization comp4 to comp1
k21,0.9,1/yr,Uptake coeff comp1 to comp2
k32,0.3,1/yr,Decomposition coeff comp2 to comp3
k43,0.2,1/yr,Humification coeff comp3 to comp4 
uh,-0.7,1/yr,harvest intensity coeff
uL,-0.01,1/yr,loss rate coeff 
Ua,10,g/(m2yr),fixation from from air
Ur,1,g/(m2yr),leaching from rocks
Uf,5,g/(m2yr),harvest
Th,0.5,yr,period of harvest and fertilization
X1.0,1.0,g/m2,comp1 initial condition
X2.0,1.0,g/m2,comp2 initial condition
X3.0,1.0,g/m2,comp3 initial condition
X4.0,1.0,g/m2,comp4 initial condition
digX,4,None,significant digits for output file
