Label,Value,Units,Description
t0,0.00,h,time zero
tf,96.00,h,time final
dt,0.01,h,time step
tw,0.1,h,time to write
ex,0.05,1/h,depuration rate coeff
u,0.10,1/h,uptake rate coeff
Cw,10.0,mg/L,fixed uptake
k12,0.010,1/h,transfer coeff
k13,0.010,1/h,transfer coeff
k21,0.005,1/h,transfer coeff
k23,0.000,1/h,transfer coeff
k31,0.005,1/h,transfer coeff
k32,0.000,1/h,transfer coeff
Kmax,0.1,1/h,breakdown max-rate 
Kh,3.0,mg/g,breakdown half-rate
Te,0,h,period exposure
Du,0.0,Fraction,Duty cycle exposure
X1.0,0.0,ind,initial condition
X2.0,0.0,ind,initial condition
X3.0,0.0,ind,initial condition
digX,4,None,significant digits for output file
